{"options":{"check_for_updates":false,"comment":null,"compatopts_for_requires":true,"compat_wrappedjsobject":false,"compat_metadata":false,"compat_foreach":false,"compat_prototypes":false,"noframes":null,"run_at":null,"override":{"use_includes":[],"orig_includes":[],"merge_includes":true,"use_matches":["*http://219.231.15.91/*"],"orig_matches":["*http://219.231.15.91/*"],"merge_matches":true,"use_excludes":[],"orig_excludes":[],"merge_excludes":true,"use_connects":[],"merge_connects":true,"use_blockers":[],"orig_run_at":"document-end","orig_noframes":null,"orig_connects":[]}},"settings":{"enabled":false,"position":10},"meta":{"name":"NUIST/NWAFU/GDOU/QFNU/TSGZY/TZC/ZUA/BJXY/ZJXU实验室安全测试","uuid":"2225400d-7971-4dd8-b086-6d5088629d20","modified":1635251307997,"file_url":"https://greasyfork.org/scripts/391130/code/script.user.js"}}